,"DNA, RNA and nucleotide metabolism",connector,head and packaging,integration and excision,lysis,"moron, auxiliary metabolic gene and host takeover",other,tail,transcription regulation,unknown
>JPBKEJJI_00001 hypothetical protein,0.00096892926,0.603037,0.0017921826,3.0214107e-06,7.4626178e-06,8.723104e-06,7.5329062e-06,0.0016960602,2.413861e-05,0.39245492
>JPBKEJJI_00002 hypothetical protein,0.0029110292,8.628591e-05,9.7430575e-06,1.4472216e-05,1.87555e-05,0.0014295441,0.0004537005,0.00033082574,1.6637802e-06,0.99474394
>JPBKEJJI_00003 hypothetical protein,0.0012235268,1.7228042e-06,8.577567e-06,8.212861e-07,9.698685e-06,8.227938e-05,0.00017911258,4.8582257e-05,3.136956e-06,0.9984426
>JPBKEJJI_00004 hypothetical protein,0.003313881,0.00013333836,0.00015110121,0.00013859838,0.005414392,0.0022514283,0.006248403,0.0018379067,1.2532748e-05,0.9804984
>JPBKEJJI_00005 hypothetical protein,0.06670116,2.4505853e-05,0.048389155,0.0012418051,0.015300561,0.0008779362,0.0007077583,0.0016139774,0.0036698114,0.86147326
>JPBKEJJI_00006 hypothetical protein,0.008660909,8.0606216e-05,0.006036269,0.0002742864,0.00016189474,0.0054218895,0.010243496,2.3393473e-05,0.0014508109,0.96764654
>JPBKEJJI_00007 hypothetical protein,0.00031314968,1.3540437e-05,0.0005838879,8.8625435e-05,0.00011753623,0.0012663709,0.31275797,0.009965111,1.724774e-05,0.6748766
>JPBKEJJI_00008 hypothetical protein,4.0373452e-05,6.0081333e-05,4.0504455e-07,2.1768919e-07,8.74031e-08,0.00034114355,2.2774462e-05,0.002587395,3.6504094e-05,0.9969111
>JPBKEJJI_00009 hypothetical protein,0.9537041,4.6248437e-07,1.3138265e-06,4.648062e-05,8.448298e-06,0.00014087898,5.8433518e-05,3.952765e-05,3.435673e-05,0.045965884
>JPBKEJJI_00010 hypothetical protein,0.0047062044,0.00012095988,5.9210317e-05,1.3427827e-05,5.5231256e-05,0.00026891407,0.0006304168,0.01716112,8.589569e-05,0.9768986
>JPBKEJJI_00011 hypothetical protein,0.01356763,7.0130536e-06,1.2546114e-06,9.732655e-05,1.4375792e-05,0.002765989,0.00089066563,4.0922252e-05,0.00031818397,0.98229665
>JPBKEJJI_00012 hypothetical protein,0.0036002188,3.0780031e-06,2.3447017e-05,0.00029260135,0.0001564573,0.064292565,0.0003462932,2.6579113e-05,4.0057592e-05,0.9312187
>JPBKEJJI_00013 hypothetical protein,0.4956479,0.0002540636,0.08592055,0.00013477668,0.0014135296,5.1489213e-05,0.0005259949,0.00756051,0.00013649368,0.4083547
>JPBKEJJI_00014 hypothetical protein,0.035352197,0.016055182,0.14310008,0.00021830844,0.000527467,8.451658e-05,9.289893e-05,0.027658686,0.0023495844,0.77456105
>JPBKEJJI_00015 hypothetical protein,0.014930154,4.596774e-06,0.0007064878,7.4483405e-06,0.00908194,0.0071934215,0.004098709,0.018575778,1.3167491e-06,0.9454001
>JPBKEJJI_00016 hypothetical protein,0.0071018,1.8296654e-06,2.6547775e-06,3.9889696e-06,3.0369647e-06,0.00022348136,0.0017825562,0.0012888132,0.00014750552,0.9894443
>JPBKEJJI_00017 hypothetical protein,0.0020349245,8.209048e-05,0.009012218,0.00024407443,0.021011721,9.8062505e-05,0.0014898515,0.0004950579,8.515472e-05,0.9654468
>JPBKEJJI_00018 hypothetical protein,0.0006264068,1.2515346e-06,1.234738e-06,5.104766e-05,3.6423569e-09,9.2855925e-07,1.5941627e-05,3.077197e-06,5.048054e-06,0.9992951
>JPBKEJJI_00019 hypothetical protein,0.002168686,0.00032557428,0.0004818026,0.00018151553,0.0005583761,0.0018034563,0.007633883,0.003942266,0.000118476986,0.982786
>JPBKEJJI_00020 hypothetical protein,0.002506219,0.00031468563,0.000104353516,0.0016140878,6.529921e-05,0.030388098,0.00090548425,0.050537992,0.010098272,0.90346545
>JPBKEJJI_00021 hypothetical protein,0.0007354556,9.890625e-07,0.00017788295,0.0020318406,0.0011305553,0.06924074,0.003087823,0.035133764,2.064353e-05,0.8884403
>JPBKEJJI_00022 hypothetical protein,0.01473905,0.002247141,0.0014132772,0.00037042872,0.00024198645,0.0010210634,0.0022435756,0.10347249,0.001677065,0.8725739
>JPBKEJJI_00023 hypothetical protein,0.78848577,0.00016754234,1.5598465e-05,0.00028322832,1.2104488e-05,3.6785397e-05,3.2615953e-05,5.1669045e-05,0.0008409575,0.21007365
>JPBKEJJI_00024 hypothetical protein,0.00085412397,0.00049490406,0.0003647,4.245012e-05,0.002295587,0.00058692164,0.002132329,0.75529164,2.8927492e-05,0.2379085
>JPBKEJJI_00025 hypothetical protein,0.34136695,0.0005645088,0.1686483,2.5271177e-06,0.035783164,0.0053040176,0.017593667,0.078616254,1.5908743e-05,0.35210472
>JPBKEJJI_00026 hypothetical protein,0.00030070418,0.008065501,0.01101435,3.889103e-06,0.00025631473,0.0010347374,0.003999811,0.09893009,5.8966896e-05,0.8763356
>JPBKEJJI_00027 hypothetical protein,0.0020473585,5.0985338e-05,1.0564049e-05,5.0124807e-05,1.0909382e-05,0.0033120713,1.0471029e-05,0.00024874814,0.0004710649,0.99378777
>JPBKEJJI_00028 hypothetical protein,0.00041485694,1.9659376e-05,0.00020632098,0.00023069356,1.19698625e-05,0.0008513473,9.734042e-05,0.010833188,6.6641034e-05,0.98726803
>JPBKEJJI_00029 hypothetical protein,0.002816801,0.0036118736,0.22350316,3.169604e-05,0.0031325186,0.00025440493,1.5259355e-05,0.55489147,0.00022487136,0.21151789
>JPBKEJJI_00030 hypothetical protein,0.03817945,0.00055053376,0.17519559,0.0003829928,0.0005957062,0.0006171027,0.00036019526,0.0029568942,0.0063499715,0.7748116
>JPBKEJJI_00031 hypothetical protein,1.2568678e-06,1.8915761e-08,1.7762513e-06,1.8955771e-07,1.01568546e-07,4.845082e-06,1.7147361e-06,1.0272378e-05,1.0823513e-05,0.999969
>JPBKEJJI_00032 hypothetical protein,0.0073869377,3.6246462e-07,6.6305624e-06,0.00017952741,1.3578465e-06,0.0017675565,0.0004799242,3.3834433e-05,0.81841046,0.17173344
>JPBKEJJI_00033 hypothetical protein,0.0015890212,0.008915621,0.0031513895,0.00021535407,2.950445e-05,0.00094322936,0.00038334308,0.0015496543,0.002278649,0.9809442
>JPBKEJJI_00034 hypothetical protein,0.0026152642,3.409885e-08,6.1345486e-07,0.0004241492,0.0020989364,0.9512918,0.00061000383,3.707891e-05,0.00024300147,0.042679165
>JPBKEJJI_00035 hypothetical protein,0.36041257,0.0005090889,0.014393687,6.1912295e-05,0.002386731,0.002754318,0.005395991,0.02654587,0.00016456182,0.5873753
>JPBKEJJI_00036 hypothetical protein,0.007973354,1.6738843e-05,6.351873e-05,7.184263e-05,0.0015703969,0.00018350715,0.005539114,2.0062525e-05,2.6297681e-05,0.98453516
>JPBKEJJI_00037 hypothetical protein,0.00014402748,1.2891998e-06,8.268239e-05,0.00028152403,0.002047205,0.061036203,0.0115079,0.012688908,9.7118194e-05,0.91211313
>JPBKEJJI_00038 hypothetical protein,0.00011629795,0.0009756988,0.00030217308,9.219077e-06,1.2858587e-05,2.0000143e-05,0.00025194156,0.02437757,0.00018843764,0.9737458
>JPBKEJJI_00039 hypothetical protein,0.08022673,3.0594583e-06,0.000107485524,0.0120290695,0.00018122492,0.025647279,0.0002897343,0.002068368,0.017210182,0.8622369
>JPBKEJJI_00040 hypothetical protein,0.008287117,1.3794162e-06,8.2021725e-06,3.063375e-05,1.7018767e-05,0.10398694,0.14083949,0.0005163612,0.00027492526,0.746038
>JPBKEJJI_00041 hypothetical protein,0.004448311,3.185946e-05,0.00037962248,0.00042527154,0.0012203725,0.010736227,0.0032321792,0.016798776,8.49354e-05,0.9626425
>JPBKEJJI_00042 hypothetical protein,0.06514034,7.5471104e-07,2.1156235e-05,2.3770674e-05,3.5119523e-05,0.0004268388,0.0036879822,4.1744504e-05,0.0011237568,0.92949855
>JPBKEJJI_00043 hypothetical protein,0.99957615,5.2530723e-11,4.2654264e-07,4.4008866e-06,9.674299e-09,6.28749e-05,7.34838e-07,6.7762204e-07,5.729149e-07,0.000354146
>JPBKEJJI_00044 hypothetical protein,0.002862515,6.980693e-05,0.014316227,0.00064980576,0.16890012,0.0006157952,0.00018660807,0.0023236177,0.0022155112,0.8078601
>JPBKEJJI_00045 hypothetical protein,0.014211753,0.0005181597,0.0004068855,0.018928958,0.00025236473,0.0070565348,0.00037897806,0.11187224,0.01016965,0.8362044
>JPBKEJJI_00046 hypothetical protein,0.009219083,0.004834948,0.0046000145,0.00072710786,0.06151038,0.0012917002,0.0044964645,0.042199075,0.0030515613,0.8680696
>JPBKEJJI_00047 hypothetical protein,0.0076571484,0.041649103,0.00055334525,6.488584e-07,8.425365e-06,2.1247736e-06,0.00015728388,0.099060394,6.1665836e-05,0.85084987
>JPBKEJJI_00048 hypothetical protein,0.00061357365,0.000116960895,9.366567e-05,4.79322e-06,6.167225e-06,6.323404e-05,0.001198597,0.00030169977,0.00020729075,0.9973941
>JPBKEJJI_00049 hypothetical protein,0.0022762339,0.33437276,0.04224052,5.3735715e-05,8.3038656e-05,0.00029213334,0.0013217939,0.54934955,0.000253572,0.06975667
>JPBKEJJI_00050 hypothetical protein,0.00068677927,0.00011966624,0.0021519423,2.1311473e-05,0.00017536586,0.002038235,0.010993059,0.0304055,0.0065958006,0.9468123
>JPBKEJJI_00051 hypothetical protein,0.00039111575,0.00040613287,0.00026070356,3.8028306e-06,0.00020268712,0.00047453085,0.0016040187,0.0046721785,7.51896e-05,0.99190956
>JPBKEJJI_00052 hypothetical protein,0.00026536777,1.0212827e-11,4.866878e-08,2.4230105e-06,1.2537483e-07,0.00021109782,0.9984793,8.726898e-07,8.806405e-09,0.0010407777
>JPBKEJJI_00053 hypothetical protein,0.98683876,2.4290898e-06,0.004279331,2.6882946e-05,0.00056731235,5.92428e-06,1.5596508e-05,1.5623484e-05,0.00017342946,0.008074813
>JPBKEJJI_00054 hypothetical protein,0.019875104,0.007774851,0.000105851715,2.0481266e-05,6.657819e-05,0.00074584625,0.01306359,0.0049896226,4.2268286e-05,0.9533158
>JPBKEJJI_00055 putative flavin-dependent thymidylate synthase,0.99995446,8.196929e-12,2.5699654e-10,9.4522926e-07,6.259827e-11,5.055529e-06,2.9718889e-05,5.413989e-11,4.8878424e-10,9.938473e-06
>JPBKEJJI_00056 hypothetical protein,0.0016121747,0.00037411935,0.00027485398,4.059039e-06,2.750812e-05,0.00016643255,0.00021605782,0.0039343187,8.300038e-06,0.9933822
>JPBKEJJI_00057 hypothetical protein,0.0107238265,0.00023548618,0.0017326452,0.0006583031,0.00018895879,0.00090486556,1.9311825e-05,0.00017464752,0.0063346894,0.9790273
>JPBKEJJI_00058 hypothetical protein,0.0062038316,1.3757542e-05,8.418503e-05,1.1209023e-08,3.35441e-08,3.026721e-07,1.0552439e-05,4.9350574e-06,2.141863e-10,0.9936824
>JPBKEJJI_00059 hypothetical protein,0.00021748805,0.0013878059,0.012413239,0.00011143238,4.375932e-05,5.687684e-06,0.00018195009,1.4027956e-05,2.7018174e-05,0.98559755
>JPBKEJJI_00060 hypothetical protein,0.28008482,2.3994804e-05,0.03391747,0.0009229505,2.966695e-05,0.011205078,0.03151402,0.00058996206,0.0024104943,0.63930154
>JPBKEJJI_00061 hypothetical protein,0.2783264,1.9908537e-06,0.020850604,1.9819096e-05,0.0046075596,0.00018452996,0.0034325381,0.0047393474,4.7258995e-06,0.6878325
>JPBKEJJI_00062 hypothetical protein,4.9391325e-05,1.0265741e-08,3.5092582e-06,4.5388056e-08,1.12975386e-10,7.70691e-06,0.9997248,5.1652586e-07,1.6217507e-12,0.0002142137
>JPBKEJJI_00063 hypothetical protein,0.027278978,1.4642421e-05,0.0008550524,0.00052667747,0.00022197,0.00023177356,0.0033797987,0.0010974394,0.0007335546,0.9656602
>JPBKEJJI_00064 hypothetical protein,0.12758689,0.0008324478,0.14996192,0.00013585514,0.008924594,0.002166313,0.0029400326,0.22357428,0.00016865075,0.48370892
>JPBKEJJI_00065 hypothetical protein,0.0003823238,0.060454696,0.07532836,8.2714396e-05,0.0002083358,0.001103853,0.0016260179,0.29216668,0.0022464697,0.5664005
>JPBKEJJI_00066 hypothetical protein,0.0020055538,1.7342425e-05,0.958569,2.0533666e-05,7.4502925e-05,1.8859866e-05,2.371887e-05,4.697474e-05,0.000120809374,0.039102588
>JPBKEJJI_00067 hypothetical protein,0.023367513,1.3486212e-05,0.114500575,2.2379922e-05,0.00038111396,0.0002766116,0.0035170738,0.02031568,5.0556705e-06,0.83760047
>JPBKEJJI_00068 hypothetical protein,7.11532e-05,0.00024900504,0.005640783,2.366282e-07,4.8263635e-05,7.349941e-05,0.0011448219,0.9700739,4.9940115e-07,0.022697864
>JPBKEJJI_00069 hypothetical protein,0.0034993312,0.006266227,0.008517022,1.7536864e-05,4.474347e-06,0.00017273142,0.00013038439,0.0063561373,0.0031770794,0.97185904
>JPBKEJJI_00070 hypothetical protein,0.02567335,0.006715246,0.02196775,0.0012576602,0.012223449,0.0038975007,0.018832915,0.031068297,0.0006588264,0.877705
>JPBKEJJI_00071 hypothetical protein,0.019475333,0.00014421804,0.00082875724,0.00032491234,3.476523e-05,0.000115641335,0.0010235191,0.028657915,0.003434615,0.9459602
>JPBKEJJI_00072 hypothetical protein,0.0055972547,0.5321567,0.032297205,1.385057e-05,0.00029738518,0.0022108932,0.00022192975,0.075088,0.0005717454,0.35154498
>JPBKEJJI_00073 hypothetical protein,0.012115099,0.38408828,0.003001119,3.591384e-06,6.718486e-05,0.00013505273,0.00031571844,0.006225851,0.00014436383,0.5939038
>JPBKEJJI_00074 hypothetical protein,0.0511991,0.063479036,0.010061069,0.00011765028,0.00014635977,0.0023773604,0.0008535629,0.019648584,0.0007611903,0.85135615
>JPBKEJJI_00075 hypothetical protein,0.002742687,7.427937e-07,3.5431483e-05,0.00053391693,0.012818472,0.00021379662,0.0004989688,0.00013875164,0.00012886254,0.98288834
>JPBKEJJI_00076 hypothetical protein,0.001463573,2.8484938e-05,3.6224916e-05,0.000117380594,0.00015810688,0.0012559481,6.174042e-05,0.0035063215,3.972373e-06,0.9933682
>JPBKEJJI_00077 hypothetical protein,0.0025036146,7.6149736e-05,0.09722413,2.7108166e-07,1.7996952e-05,6.90124e-05,0.42635632,0.052998934,1.2117847e-07,0.42075342
>JPBKEJJI_00078 hypothetical protein,2.6119791e-05,7.846642e-05,0.9944224,1.2224645e-07,1.711703e-06,1.5394321e-06,2.6819944e-06,3.9699786e-05,2.3278615e-09,0.005427182
>JPBKEJJI_00079 hypothetical protein,0.0021468701,0.00054220436,0.00079635816,7.986192e-05,0.00038269145,0.0022953823,0.00029991253,0.0051005166,1.345465e-05,0.9883428
>JPBKEJJI_00080 hypothetical protein,0.00018641661,1.5396429e-08,3.631789e-05,2.6429238e-05,1.3132762e-05,0.0005195909,7.789691e-05,0.00042133388,0.09683705,0.9018819
>JPBKEJJI_00081 hypothetical protein,1.9094157e-06,1.7635579e-06,6.8951394e-06,1.0225093e-08,1.1090004e-05,3.1795716e-05,3.2894256e-06,7.3614254e-05,4.2177405e-08,0.9998696
>JPBKEJJI_00082 hypothetical protein,0.00011169929,0.0004442964,0.24598308,9.238721e-06,1.3686133e-05,0.0012260732,0.0002034693,0.06884349,5.8112114e-06,0.6831591
>JPBKEJJI_00083 hypothetical protein,0.00068003434,0.00031991163,0.9044092,2.8061098e-08,1.2513913e-05,5.736173e-05,0.0040032878,0.0012654664,1.1398275e-07,0.08925207
>JPBKEJJI_00084 hypothetical protein,0.0012475096,0.00013454568,0.00054398115,8.049182e-05,3.795714e-06,0.00021172379,0.011653818,0.0028280052,0.0021852201,0.9811109
>JPBKEJJI_00085 hypothetical protein,0.008655174,0.00037925882,0.14060687,1.7453594e-05,0.0002156256,0.001534843,0.00087901606,0.024741918,7.519276e-05,0.8228946
>JPBKEJJI_00086 hypothetical protein,1.08014e-06,1.9140334e-05,0.00041883354,2.535538e-10,8.161134e-07,2.7110157e-06,1.2719836e-05,0.99943036,1.2387815e-09,0.00011439024
>JPBKEJJI_00087 hypothetical protein,0.0036380887,1.4753599e-06,0.00419187,1.6190088e-05,9.73883e-07,0.00052176294,0.9545411,3.958253e-05,1.005639e-06,0.037048
>JPBKEJJI_00088 hypothetical protein,0.0008401019,0.18506579,0.015767705,2.2221764e-05,0.000117096286,0.00038220824,0.00036173413,0.05303784,0.0056303884,0.7387749
>JPBKEJJI_00089 hypothetical protein,0.0011888827,0.00048997335,0.0026698597,6.625129e-06,5.1786177e-05,5.8957692e-05,6.865109e-05,0.9446254,0.00033823398,0.050501492
>JPBKEJJI_00090 hypothetical protein,0.014085216,4.3640525e-06,0.1374389,3.1813565e-06,0.042146575,0.0026599325,0.0023173012,0.6737994,4.355471e-06,0.12754072
>JPBKEJJI_00091 hypothetical protein,0.0011459624,0.010272904,0.10584622,2.756684e-05,3.4921725e-06,4.6015222e-05,0.002746382,0.031056583,0.00025280225,0.84860206
>JPBKEJJI_00092 hypothetical protein,0.0047199945,0.0008095554,0.10894785,0.00044713137,0.00044019968,0.013813242,0.00041856253,0.0076096035,2.955007e-05,0.86276436
>JPBKEJJI_00093 hypothetical protein,0.004486427,2.6852103e-06,1.1932099e-05,0.0008467725,2.9574815e-07,0.0014310767,0.004072206,7.795253e-06,0.021549888,0.9675908
>JPBKEJJI_00094 hypothetical protein,0.27703506,5.393125e-05,5.422601e-06,0.0018324387,0.0001929114,0.0941734,0.0010960342,0.00021293273,0.03234534,0.5930526
>JPBKEJJI_00095 hypothetical protein,5.0742365e-05,0.00010230365,0.5247587,1.8831024e-06,2.1360133e-06,0.0020332225,2.5081208e-05,0.0044239205,3.6902125e-07,0.4686017
>JPBKEJJI_00096 hypothetical protein,0.013873987,0.0014551028,0.003442765,1.7911269e-05,0.0030420015,0.0005430958,0.0022810083,0.006351132,0.0007992224,0.96819377
>JPBKEJJI_00097 hypothetical protein,0.0013692515,2.8061302e-05,5.8397354e-06,1.020918e-06,3.8605307e-05,0.00014528795,9.65391e-05,0.00015384692,1.407034e-06,0.9981602
>JPBKEJJI_00098 hypothetical protein,0.063185915,1.6302145e-05,0.007705547,0.0012024295,4.652981e-07,0.0003273221,0.0004233977,4.0103558e-05,0.5657931,0.3613054
>JPBKEJJI_00099 hypothetical protein,0.0046682646,0.027966235,0.002044671,2.5633228e-05,3.9202998e-05,3.8230566e-05,1.805216e-05,0.028575445,0.0010291301,0.93559515
>JPBKEJJI_00100 hypothetical protein,0.9974704,6.6657094e-08,2.240726e-06,4.7199887e-06,6.0752836e-10,2.6733405e-06,0.0017116332,8.427114e-08,3.379201e-09,0.0008083336
>JPBKEJJI_00101 hypothetical protein,0.0034183345,1.1826352e-08,0.00013030322,5.4975817e-06,6.829754e-07,0.0055545536,0.19329771,0.00014849608,6.071431e-08,0.79744434
>JPBKEJJI_00102 hypothetical protein,0.00032029953,2.2831057e-06,0.9817176,1.9695233e-06,6.1761307e-06,6.1097825e-07,6.22945e-05,8.5235315e-06,3.2484338e-06,0.017877014
>JPBKEJJI_00103 hypothetical protein,0.067207694,0.29942822,0.045426767,0.0004295377,0.00017527727,0.0010557174,0.013005517,0.024087857,0.0002176765,0.54896575
>JPBKEJJI_00104 hypothetical protein,0.00088577863,0.002406094,0.0020079592,1.4828823e-05,0.00044378883,0.0003284683,0.00752798,0.8139754,8.6032145e-05,0.17232364
>JPBKEJJI_00105 hypothetical protein,0.028208185,0.02785266,0.023467897,0.00063539937,7.4720585e-05,4.8736416e-05,0.00014541822,0.061178476,0.0014986761,0.85688984
>JPBKEJJI_00106 hypothetical protein,0.0018362338,0.0021738021,0.34229106,5.5326906e-05,0.028399225,0.014639603,0.005334282,0.1365501,8.449333e-05,0.46863586
>JPBKEJJI_00107 hypothetical protein,0.08982085,0.002074756,0.16067106,4.288914e-05,0.00081291853,0.028958187,0.0025776825,0.5435674,4.587273e-05,0.17142834
>JPBKEJJI_00108 hypothetical protein,0.000120550314,1.2195444e-08,1.6741247e-05,2.9720393e-06,0.042216666,0.016896503,0.00069695024,0.005821138,4.3532516e-08,0.9342284
>JPBKEJJI_00109 hypothetical protein,0.006786585,0.103812866,0.1159581,0.0009778332,0.00029522582,0.001564665,0.011056024,0.1115906,0.0008212348,0.6471369
>JPBKEJJI_00110 hypothetical protein,0.0011666784,0.80601823,0.01143286,5.3234044e-06,7.608779e-05,0.00011427828,2.25877e-05,0.16960275,0.00016633497,0.011395006
>JPBKEJJI_00111 hypothetical protein,0.00014590089,0.0008870676,0.33054772,6.467222e-07,3.5136823e-06,0.00049198227,0.00027607288,0.5536295,3.7855107e-06,0.114013866
>JPBKEJJI_00112 hypothetical protein,0.00021800426,0.0012976844,0.15153112,3.7248342e-06,0.00029271404,0.011243945,0.007552021,0.6173031,4.723933e-06,0.21055289
>JPBKEJJI_00113 hypothetical protein,0.00038708397,0.0016184693,0.022120154,2.2555594e-06,8.240118e-05,0.006428464,0.0020648385,0.90623504,1.316963e-06,0.06105998
>JPBKEJJI_00114 hypothetical protein,0.00037826865,0.0077010724,0.01779291,8.6151283e-07,8.342754e-05,0.0047245002,0.005382679,0.90282077,3.0987571e-06,0.061112396
>JPBKEJJI_00115 hypothetical protein,0.0009191925,0.006519071,0.027270434,2.9635232e-06,0.000118248994,0.010783942,0.0013979962,0.8934514,3.1547622e-06,0.05953358
>JPBKEJJI_00116 hypothetical protein,5.2072504e-05,7.889416e-05,0.66944224,1.18755416e-07,3.5605428e-06,0.0012427891,0.00029086566,0.2729517,4.8195307e-07,0.0559373
>JPBKEJJI_00117 hypothetical protein,0.02478271,6.1179817e-06,0.04808654,3.475029e-05,0.0655222,0.0062953187,0.0027012872,0.00032387514,4.1645664e-05,0.8522056
>JPBKEJJI_00118 hypothetical protein,0.009883387,5.677286e-06,0.0001272433,5.0378403e-05,8.569296e-05,0.020390641,0.71795255,0.00027577934,0.0005212837,0.2507073
>JPBKEJJI_00119 hypothetical protein,0.008871452,0.0104913255,0.00023213928,1.649945e-05,7.85973e-05,0.00020437982,0.001647893,0.06554628,4.4279597e-05,0.9128671
>JPBKEJJI_00120 hypothetical protein,0.009222231,0.00022942926,0.01614155,0.0003091999,0.0019139427,7.432406e-05,0.00057543075,0.022523569,6.218494e-05,0.9489481
>JPBKEJJI_00121 hypothetical protein,0.03131505,0.30053475,0.01640394,0.00027882666,0.0010637419,0.00035360572,0.016875193,0.11188013,0.00021926248,0.52107555
>JPBKEJJI_00122 hypothetical protein,0.016344821,0.0019584794,0.029447936,0.00028042408,0.009300745,0.005122115,0.20668362,0.0193463,0.012747491,0.6987681
>JPBKEJJI_00123 hypothetical protein,0.9998903,3.7337678e-08,6.214078e-08,1.2252534e-06,1.7294257e-08,2.566782e-07,1.250339e-05,1.326805e-06,9.418946e-10,9.430132e-05
>JPBKEJJI_00124 hypothetical protein,0.99794704,3.5160376e-08,3.1559e-08,8.779051e-07,5.0102216e-07,2.6075452e-06,0.00066270295,2.6446553e-06,1.0665515e-09,0.0013835309
>JPBKEJJI_00125 hypothetical protein,0.0029825298,0.00086928275,0.0002816155,0.0010520975,0.00037014167,0.0029247461,0.004829176,0.007876496,0.0014581444,0.97735584
>JPBKEJJI_00126 hypothetical protein,1.0380794e-05,9.763789e-05,0.0011050684,1.2068062e-09,2.1088415e-06,0.0006660227,8.225876e-06,0.99705875,8.007741e-09,0.0010518176
>JPBKEJJI_00127 hypothetical protein,0.0027850308,0.0031144468,0.011898067,6.563534e-05,0.00036380452,0.00035368057,0.00069423276,0.15721342,0.00016891703,0.82334274
>JPBKEJJI_00128 hypothetical protein,0.0016980743,0.08439033,0.047704507,0.00041166478,6.362847e-05,0.0030479338,0.00058545085,0.024419792,0.00055198476,0.8371266
>JPBKEJJI_00129 hypothetical protein,0.0006780287,1.2103969e-06,0.0009348778,1.5248671e-06,0.007390176,0.00076494156,8.633744e-05,9.781093e-05,7.133313e-08,0.9900449
>JPBKEJJI_00130 hypothetical protein,0.0016954875,0.03680753,0.03175323,1.7976876e-05,2.2675584e-05,0.00016760358,0.0013601141,0.64529866,0.00016682791,0.28270987
>JPBKEJJI_00131 hypothetical protein,0.0017858938,0.0047405064,0.03184598,2.5848589e-05,0.00013708111,0.0004101766,0.0076289354,0.7014525,0.0001421686,0.25183088
>JPBKEJJI_00132 hypothetical protein,0.022079542,0.000684784,0.0054868334,0.00016724507,0.0007076408,0.0004155481,0.0020545332,0.0025052323,0.0073647513,0.9585338
>JPBKEJJI_00133 hypothetical protein,0.0038497455,2.3247698e-05,0.0065133665,3.280434e-05,0.0010521659,0.0026071747,0.002021167,0.08977869,0.0015120528,0.89260954
>JPBKEJJI_00134 hypothetical protein,0.0425,0.06590796,0.23039316,0.00018481107,0.00040255443,0.019327322,0.0019264828,0.34325573,0.0002747802,0.2958272
>JPBKEJJI_00135 hypothetical protein,0.077043846,0.00050919864,0.00094699103,0.001729804,1.9323461e-05,0.00013336087,2.5594873e-06,6.605494e-05,0.03184543,0.8877034
>JPBKEJJI_00136 hypothetical protein,0.0076379427,0.0026491312,0.38778356,0.00021021537,0.0016965601,0.002583194,0.00045423757,0.0031873693,0.0023681663,0.5914296
>JPBKEJJI_00137 hypothetical protein,0.018588139,4.4904814e-06,0.00033978838,0.0002465655,3.382591e-05,0.009729314,0.026470585,0.00015022737,3.557462e-05,0.94440144
>JPBKEJJI_00138 hypothetical protein,0.0006882167,5.1824e-05,0.0017316737,5.47594e-05,0.00035056262,0.0016001143,4.140124e-05,0.0006655194,9.061305e-06,0.99480695
>JPBKEJJI_00139 hypothetical protein,0.0015716864,5.268667e-11,4.214363e-09,0.0001241163,0.00014078578,0.90704864,0.011581734,2.4378867e-05,1.0566004e-09,0.07950875
>JPBKEJJI_00140 hypothetical protein,7.121441e-05,8.2877275e-05,0.007263492,2.7589644e-07,0.0003444783,0.010755445,3.6410038e-05,0.0021083509,1.4965039e-05,0.9793225
>JPBKEJJI_00141 hypothetical protein,0.9975738,1.2868475e-09,6.213443e-06,0.00025165104,4.9335083e-09,1.351579e-05,0.0012378185,2.168778e-06,1.0606378e-09,0.0009148866
>JPBKEJJI_00142 hypothetical protein,0.99992406,1.5401951e-09,2.6684745e-07,1.1910018e-07,4.4894386e-09,1.5535378e-06,1.3077291e-05,5.0135323e-08,3.096422e-08,6.083968e-05
>JPBKEJJI_00143 hypothetical protein,0.0061512194,0.16934046,0.28017908,0.000126372,0.019479519,0.0008864114,3.9149487e-05,0.018453227,0.0054698912,0.49987462
>JPBKEJJI_00144 hypothetical protein,0.00059950724,0.00023575436,0.007120849,7.5325784e-06,0.00010692958,6.1219376e-05,4.493983e-05,6.111099e-05,0.0047378503,0.9870244
>JPBKEJJI_00145 hypothetical protein,8.4997487e-07,2.4587365e-11,1.772823e-08,5.855741e-11,2.2801602e-12,2.777844e-09,0.9999988,9.817001e-11,4.0997152e-16,3.1666636e-07
>JPBKEJJI_00146 hypothetical protein,0.60558,9.40997e-06,1.6055936e-06,9.321946e-06,1.9259637e-07,0.0010892057,0.0010736587,0.00010149063,2.2899287e-06,0.3921328
>JPBKEJJI_00147 hypothetical protein,0.005054144,0.0019227067,0.00025450904,7.027129e-05,2.2960578e-05,0.016725179,0.00019669654,0.11244917,0.001525539,0.8617788
>JPBKEJJI_00148 hypothetical protein,0.022084536,0.31775728,0.033851635,0.0006371058,0.00021990777,0.0002998105,0.00013141167,0.37498212,0.0015241352,0.24851207
>JPBKEJJI_00149 hypothetical protein,0.79312706,3.4885775e-06,0.00959816,0.000522171,0.009894376,0.00020190877,0.0007189341,0.001910238,0.0001481581,0.18387555
>JPBKEJJI_00150 hypothetical protein,0.00021783939,2.5754575e-06,0.019296253,2.2833353e-06,0.030516231,0.005548797,0.11067079,0.6284086,1.4463073e-07,0.20533639
>JPBKEJJI_00151 hypothetical protein,0.0065444596,2.8776842e-05,0.0018045225,0.004873565,1.9636655e-06,0.0004717224,0.0037490495,0.0006757988,0.098786145,0.8830641
>JPBKEJJI_00152 hypothetical protein,0.041805897,0.026837653,0.0023675188,0.00024040634,0.00019654469,0.00042004453,0.00096012896,0.17611447,0.00032961718,0.7507278
>JPBKEJJI_00153 hypothetical protein,0.00021783858,4.3054644e-08,1.7487493e-05,2.4800931e-06,5.277418e-05,0.00026762116,0.0058164843,0.00085627794,1.4610589e-06,0.9927676
>JPBKEJJI_00154 hypothetical protein,0.003976569,0.00065870443,0.023488376,0.00046649727,0.004535104,0.08031381,0.008182056,0.0046021924,0.001417166,0.8723596
>JPBKEJJI_00155 hypothetical protein,0.00027382444,7.465625e-05,6.210204e-05,1.7704077e-05,4.032262e-06,1.2816042e-05,1.4944869e-05,0.0012655285,3.269311e-06,0.9982711
>JPBKEJJI_00156 hypothetical protein,0.011191424,1.4016235e-05,0.0050661564,1.2300034e-05,0.00053963554,0.00012664407,7.784232e-05,0.002303263,0.00018296776,0.9804858
>JPBKEJJI_00157 hypothetical protein,0.0012611956,0.0036324633,4.3131568e-05,1.9792822e-06,0.00028020795,0.012851112,3.328858e-05,0.008619324,1.1376125e-06,0.9732762
>JPBKEJJI_00158 hypothetical protein,0.0013271648,4.8726586e-05,0.0005124575,0.0026470972,2.5877533e-05,0.0018208612,0.0002869619,0.0061014136,0.0003217099,0.98690784
>JPBKEJJI_00159 hypothetical protein,7.8329744e-05,0.005067072,0.00040660877,7.932929e-05,7.4588065e-06,0.00044619924,2.8363987e-05,0.0005779142,0.00021984908,0.9930889
>JPBKEJJI_00160 hypothetical protein,0.007829954,0.00025326118,0.10896408,9.420887e-05,0.006173516,0.00054607564,0.0009664217,0.046423934,0.00023592405,0.8285126
>JPBKEJJI_00161 hypothetical protein,0.005103055,0.028350629,0.001152706,5.639685e-05,0.00018341244,0.00078181864,0.001273154,0.3372051,0.00012526037,0.6257685
>JPBKEJJI_00162 hypothetical protein,0.0014066931,0.007919089,0.021478038,0.00028386118,0.00062980363,0.00086905685,0.0007842414,0.007655147,0.0011904592,0.95778364
>JPBKEJJI_00163 hypothetical protein,4.9143353e-05,5.901435e-10,0.00026302223,1.3860277e-07,2.805019e-07,0.004010329,0.9865122,2.7711421e-05,1.50101e-11,0.009137142
>JPBKEJJI_00164 hypothetical protein,0.00037375436,0.0009483267,0.0014593807,0.00033020103,0.00025011747,0.0001913205,0.0004580356,0.001330398,0.00051676226,0.99414176
>JPBKEJJI_00165 hypothetical protein,0.0073867245,1.1430312e-06,2.324379e-06,4.7884874e-05,5.2138454e-05,0.06711925,0.0011140169,0.0009847027,9.462272e-05,0.92319715
>JPBKEJJI_00166 hypothetical protein,0.020901293,2.9852245e-06,1.171376e-05,0.000119622855,1.9157791e-05,0.00057231425,0.0018524971,0.00034005294,0.00014301343,0.9760374
>JPBKEJJI_00167 hypothetical protein,5.8199024e-05,0.0007931566,0.00052305596,3.9110404e-05,8.050817e-06,0.00032262734,0.00018021748,0.004323516,2.0635855e-05,0.99373144
>JPBKEJJI_00168 hypothetical protein,0.02840783,0.0032323012,0.6574335,0.0012851383,0.00074562826,0.025331022,0.0012060076,0.014901654,0.0001473762,0.26730952
>JPBKEJJI_00169 hypothetical protein,0.002055649,0.0002790113,5.752383e-05,0.00017444186,3.995789e-05,0.0005168822,8.662891e-05,0.00666002,4.8943424e-05,0.9900809
>JPBKEJJI_00170 hypothetical protein,0.16730484,0.13777202,0.027379725,0.00053630874,0.00011957894,0.00036952985,0.00088334543,0.023427885,0.00794611,0.63426065
>JPBKEJJI_00171 hypothetical protein,0.0010243527,3.1720713e-06,0.00014757257,9.6380805e-05,3.1765984e-07,0.00052429456,0.00043397184,2.701886e-06,0.78404516,0.21372204
>JPBKEJJI_00172 hypothetical protein,0.4759196,4.249538e-06,0.0013952727,3.6441263e-05,0.029814271,0.00020849891,0.00023391537,0.0012328302,4.2819242e-06,0.49115056
>JPBKEJJI_00173 hypothetical protein,4.148346e-06,1.2886749e-12,1.93e-09,9.581963e-11,4.0062723e-12,3.553251e-07,0.9999927,4.684107e-10,1.2692789e-16,2.7800522e-06
>JPBKEJJI_00174 hypothetical protein,0.9213568,9.658176e-05,0.0007371655,0.00080752006,5.7268303e-06,0.00014062431,0.00081393117,0.0010884397,0.000109338296,0.07484386
>JPBKEJJI_00175 hypothetical protein,0.9985844,6.96716e-09,8.139293e-07,2.317915e-06,3.843042e-06,4.3204018e-05,1.9621799e-05,3.93584e-06,5.7714833e-06,0.001336033
>JPBKEJJI_00176 hypothetical protein,0.053420335,5.112342e-06,0.13415204,4.0207983e-06,2.6058822e-06,0.004668393,0.7703739,4.5756037e-06,4.354833e-09,0.037369095
>JPBKEJJI_00177 hypothetical protein,0.00011807819,9.643503e-09,0.00011609212,1.2470203e-07,3.9652224e-07,0.0012405618,0.99583936,1.1899854e-07,2.7897119e-11,0.0026853362
>JPBKEJJI_00178 hypothetical protein,0.0022226376,1.0452504e-07,6.181048e-05,0.00016367882,0.04189509,0.00048422697,0.0052864593,6.420357e-05,1.6482489e-05,0.94980526
>JPBKEJJI_00179 hypothetical protein,0.0004815513,3.8634036e-05,3.0752926e-05,0.00047802008,2.5181278e-05,0.0011279472,4.9421742e-05,9.128438e-05,0.00026125455,0.997416
>JPBKEJJI_00180 hypothetical protein,0.0023402194,1.09840045e-07,1.6937374e-05,0.00022226622,0.0016629279,0.0002496441,0.13485713,5.864933e-06,3.3999806e-06,0.8606416
>JPBKEJJI_00181 hypothetical protein,0.0039836685,8.8994144e-05,0.0051224832,0.0021454268,2.7135677e-05,0.009939384,0.00034388018,0.00010767902,0.09551325,0.88272804
>JPBKEJJI_00182 hypothetical protein,0.99978954,1.9679285e-09,6.559506e-07,3.0209301e-05,4.296517e-08,2.9236203e-06,7.550758e-05,2.044419e-08,1.4445672e-09,0.00010119114
>JPBKEJJI_00183 hypothetical protein,0.00020703494,1.3472547e-06,4.7178125e-07,1.075849e-05,9.4647396e-07,0.0009772866,0.00010368628,1.4356977e-05,0.0013097196,0.9973743
>JPBKEJJI_00184 hypothetical protein,0.00010066665,9.796171e-05,0.0002631056,6.5404006e-06,1.9970517e-05,6.2022766e-05,1.5259986e-05,6.2881e-05,8.0643375e-05,0.99929094
>JPBKEJJI_00185 hypothetical protein,0.0035592439,0.00038518914,1.1335583e-05,1.9079685e-05,1.0047037e-06,6.060419e-05,2.770899e-05,0.00033395976,1.1620124e-05,0.9955902
>JPBKEJJI_00186 hypothetical protein,0.03022086,3.338528e-05,0.0010947066,2.3075827e-05,0.00051787955,0.00069602235,0.003583397,0.00030803177,5.2657077e-05,0.96347004
>JPBKEJJI_00187 hypothetical protein,0.9498915,1.7794105e-07,2.6302074e-05,0.00030862482,3.14616e-07,0.0024735178,0.0028580597,1.7317682e-06,0.00053369213,0.04390612
>JPBKEJJI_00188 hypothetical protein,0.010932754,0.18791752,0.11220274,3.446026e-05,7.598307e-05,0.00085732905,0.0037228782,0.09389197,0.006913391,0.583451
>JPBKEJJI_00189 hypothetical protein,0.0003440833,3.72209e-05,0.05959612,0.0033985348,0.0016075734,0.00054163474,0.0030349942,4.3792884e-06,0.0017949827,0.9296405
>JPBKEJJI_00190 hypothetical protein,0.99787664,1.0424039e-08,1.6718125e-06,4.8097554e-06,4.217736e-10,2.4061383e-06,6.362245e-05,4.3237357e-08,1.10083e-08,0.0020507567
>JPBKEJJI_00191 hypothetical protein,0.0010040251,0.08587633,0.43130696,9.381692e-06,0.0004518895,0.00058315723,0.0010057318,0.01334668,2.7228809e-05,0.46638858
>JPBKEJJI_00192 hypothetical protein,0.018300295,0.00018787514,0.0061501013,0.008109003,2.0644153e-07,0.0006980435,0.001557513,0.011078066,0.49286613,0.4610528
>JPBKEJJI_00193 hypothetical protein,0.0001707499,0.5942416,0.0007970938,3.2085678e-05,6.4652246e-05,0.00045538126,0.000154151,0.05996926,0.00018932727,0.34392574
>JPBKEJJI_00194 hypothetical protein,0.0067780246,5.982122e-06,0.034843206,0.00012434961,0.010684019,0.0044001443,0.0022229902,0.003326634,4.1849675e-05,0.9375729
>JPBKEJJI_00195 hypothetical protein,0.018048957,4.0906438e-05,3.799092e-05,0.00068629964,0.004753335,0.0007748932,0.0009997388,0.00016960617,0.0003731852,0.974115
>JPBKEJJI_00196 hypothetical protein,0.9945392,4.3801656e-09,7.472047e-05,3.459301e-05,4.764104e-08,0.00017243801,0.004707571,1.6541707e-08,3.2189554e-10,0.0004714926
>JPBKEJJI_00197 hypothetical protein,0.0060494645,2.5868596e-10,2.256777e-06,1.9478983e-05,2.6525855e-08,0.00022139377,0.9922035,6.159632e-07,1.1477121e-11,0.0015032066
>JPBKEJJI_00198 hypothetical protein,0.00050462544,0.0023385473,0.0014274253,2.8991428e-05,4.77057e-05,7.846378e-05,0.0019135247,0.0008807898,0.00019597015,0.992584
>JPBKEJJI_00199 hypothetical protein,0.031456094,8.528001e-06,0.0004848892,0.0014732761,0.00021722887,0.0005987554,0.0037982322,0.0004976059,0.013745172,0.9477202
>JPBKEJJI_00200 hypothetical protein,0.99424875,5.1387974e-07,0.0047787265,0.00037602094,4.177488e-08,0.00014720019,4.167618e-05,1.6762608e-07,2.533056e-07,0.000406766
>JPBKEJJI_00201 hypothetical protein,0.9979231,2.5841564e-09,5.804682e-06,7.627698e-07,7.2702115e-08,6.4688595e-07,0.00096115266,6.8051363e-06,1.5079097e-08,0.0011017054
>JPBKEJJI_00202 hypothetical protein,0.017616607,0.0031581884,0.026308501,2.8802522e-05,0.0006789599,0.012567176,0.0015300589,0.0139244255,0.00026056037,0.9239267
>JPBKEJJI_00203 hypothetical protein,0.013625362,0.0041120844,0.0056745815,0.00021614108,0.00018016172,0.00030186118,0.00014031891,0.00158319,0.013136139,0.96103024
>JPBKEJJI_00204 hypothetical protein,0.003378809,0.024062399,0.09680388,8.74688e-05,0.00021336449,0.0005849731,0.0030364103,0.0025916444,0.00021688038,0.8690241
>JPBKEJJI_00205 hypothetical protein,0.33985803,7.765419e-05,0.00079835585,0.00011903541,0.00021945282,0.0041097444,0.002058696,0.034360982,0.00011735613,0.6182807
>JPBKEJJI_00206 hypothetical protein,0.0013262627,6.030195e-05,0.018061096,7.0639395e-08,2.252419e-05,0.00021423186,7.134966e-05,0.9736963,5.247565e-07,0.006547357
>JPBKEJJI_00207 hypothetical protein,0.00030948478,0.00015916498,0.0009919382,6.269006e-08,2.610507e-05,2.7180002e-05,0.0005984347,0.9915643,4.342935e-08,0.006323314
>JPBKEJJI_00208 hypothetical protein,0.0041912026,0.007489515,0.008966546,3.539161e-06,0.0003627083,0.0013722917,0.0060068476,0.90574324,5.8545324e-06,0.06585825
>JPBKEJJI_00209 hypothetical protein,0.0033333842,2.6114945e-05,0.00027382365,0.0012818096,0.0016770822,0.000119166056,0.0011776594,0.00059794384,0.00023848,0.99127454
>JPBKEJJI_00210 hypothetical protein,0.00035786803,6.383969e-05,0.37886727,5.264499e-06,0.0001237207,0.031027941,0.0025061844,0.02445994,1.323594e-06,0.56258655
>JPBKEJJI_00211 hypothetical protein,1.10757765e-05,7.215839e-06,0.736798,1.686062e-07,2.3961961e-06,0.002705442,1.3492538e-05,0.011922356,5.8752086e-08,0.24853975
>JPBKEJJI_00212 hypothetical protein,4.691071e-05,0.00013357349,0.29812422,6.163227e-07,4.1810163e-05,0.015451839,0.00028257343,0.21749558,6.364269e-07,0.46842226
>JPBKEJJI_00213 hypothetical protein,0.00018056201,0.0007599459,0.0061120666,6.262627e-07,4.4680044e-05,4.5221295e-05,0.00017889788,0.9377366,4.4407741e-07,0.05494093
>JPBKEJJI_00214 hypothetical protein,0.036443308,1.5691756e-05,0.08261598,0.00022087968,0.00016525463,0.00019087909,3.1744294e-05,0.00042219777,0.10275441,0.7771396
>JPBKEJJI_00215 hypothetical protein,0.0024496317,3.6368063e-05,0.00013545068,0.00010329231,6.290853e-05,0.0029978785,0.001908724,0.020194184,0.00045694993,0.9716546
>JPBKEJJI_00216 hypothetical protein,1.6543341e-05,1.4471777e-07,0.9999794,9.751323e-08,1.2159524e-09,1.4598612e-07,6.231418e-07,2.1108666e-09,4.0871163e-14,3.0555098e-06
>JPBKEJJI_00217 hypothetical protein,0.0065508955,5.669846e-05,0.00041011523,0.00011998246,6.475056e-07,0.00037836158,0.0012535698,0.00011556121,0.0038188102,0.9872953
>JPBKEJJI_00218 hypothetical protein,7.9971884e-05,8.968538e-05,0.9994066,1.5734697e-07,7.0064596e-07,6.057497e-06,1.3908273e-07,1.6876849e-06,3.3527932e-09,0.00041513072
>JPBKEJJI_00219 hypothetical protein,0.19489114,4.715504e-05,0.7844831,4.967579e-06,0.00026739237,0.007207837,0.0010108157,0.0063910596,6.960193e-06,0.0056895195
>JPBKEJJI_00220 hypothetical protein,0.00069290283,0.00809598,0.4278604,3.2796825e-06,8.248683e-06,0.004621304,9.7581236e-05,0.39899132,1.2693724e-05,0.1596163
>JPBKEJJI_00221 hypothetical protein,2.0790769e-05,0.00048583638,0.09666845,1.6199589e-07,4.4139465e-06,0.00013054398,3.320616e-05,0.89158106,4.4477488e-07,0.011075015
>JPBKEJJI_00222 hypothetical protein,5.7023717e-05,0.016151574,0.0011883568,1.9661954e-08,3.5633807e-06,5.6400904e-06,5.7821256e-07,0.008389993,1.892063e-07,0.97420305
>JPBKEJJI_00223 hypothetical protein,0.002915159,0.020660928,0.18601531,4.376888e-05,5.409123e-05,0.0010938235,0.000695429,0.08345157,0.0002939811,0.704776
>JPBKEJJI_00224 hypothetical protein,0.002501639,3.0105762e-06,0.0001082124,0.00035606002,1.0150786e-07,2.6961974e-05,5.540416e-05,1.6187796e-05,0.023487192,0.9734451
>JPBKEJJI_00225 hypothetical protein,0.00012383281,1.2398134e-06,0.001747522,1.1914649e-05,0.772771,0.0046433853,7.1440874e-05,0.00845885,1.0421936e-05,0.21216033
>JPBKEJJI_00226 hypothetical protein,0.0006133531,8.416856e-09,0.00029786723,1.1159645e-05,0.004657406,3.5170095e-05,0.00010913557,0.029067172,1.9938396e-05,0.96518886
>JPBKEJJI_00227 hypothetical protein,0.00011167885,0.00011055568,4.26007e-05,2.9375287e-06,2.7134207e-05,2.1990136e-05,5.001503e-05,1.5861195e-05,0.00029627117,0.999321
>JPBKEJJI_00228 hypothetical protein,0.0013675243,0.0009090878,0.4643069,4.3901323e-07,2.6796959e-05,0.000688134,0.01561132,9.7334545e-05,7.875554e-07,0.5169917
>JPBKEJJI_00229 hypothetical protein,0.00068463857,1.05448175e-08,4.7093323e-07,0.00028031642,0.00043147706,0.12341831,0.0055261916,9.053286e-05,1.1535358e-05,0.8695566
>JPBKEJJI_00230 hypothetical protein,0.00081097917,0.00037237577,0.010164089,1.1502102e-06,1.4872163e-05,0.0005886609,0.0001775546,0.9441534,6.777965e-06,0.043710016
>JPBKEJJI_00231 hypothetical protein,0.00014324058,5.5593584e-05,0.13152736,4.3448662e-07,2.2529264e-05,0.0020544983,0.00040984864,0.77587223,9.836418e-07,0.08991325
>JPBKEJJI_00232 hypothetical protein,0.00030048782,0.00030650047,0.040396407,1.6631402e-06,8.349809e-06,0.00041025894,8.373002e-05,0.7696113,1.965853e-05,0.18886158
>JPBKEJJI_00233 hypothetical protein,0.05489421,0.00014200933,0.00626551,0.0062135532,0.005801755,0.05131682,0.001169223,0.00327378,0.00061012397,0.87031305
>JPBKEJJI_00234 hypothetical protein,0.00049526134,0.00021883883,0.0007645564,9.571275e-06,2.8919e-06,0.00015277878,9.854793e-05,9.888723e-05,0.0021614092,0.9959973
>JPBKEJJI_00235 hypothetical protein,0.9999232,3.441084e-10,4.9752083e-07,2.9145275e-07,1.1869284e-08,3.0461051e-05,3.3188782e-05,9.952005e-09,4.4721664e-11,1.2286996e-05
>JPBKEJJI_00236 hypothetical protein,0.0122910645,0.002249616,0.003593315,4.4991716e-06,1.50001e-05,2.031353e-05,8.73178e-05,0.007379662,0.00035161097,0.97400767
>JPBKEJJI_00237 hypothetical protein,2.370271e-05,1.6290196e-09,2.1833732e-05,3.3145607e-08,0.9990994,0.00024238425,1.7737126e-05,0.00022584145,1.8381045e-12,0.0003690412
>JPBKEJJI_00238 hypothetical protein,0.034489688,0.012357836,0.023369797,0.00037978875,0.0005931308,0.0056435596,0.0025503393,0.08329258,0.0004010244,0.83692217
>JPBKEJJI_00239 hypothetical protein,0.0003497342,0.00019278622,4.753476e-05,6.664969e-06,0.00011825462,0.019645562,0.0011924919,0.09763415,0.00027234157,0.8805404
>JPBKEJJI_00240 hypothetical protein,0.038888663,0.04440978,0.00874729,0.00044552606,0.01387113,0.003729277,0.0027756721,0.030208543,0.0055287816,0.8513953
>JPBKEJJI_00241 hypothetical protein,0.002301087,0.00041870037,0.0006622174,0.00030942648,8.501913e-05,0.0009825398,0.0007976566,0.010656503,0.0058701057,0.9779168
>JPBKEJJI_00242 hypothetical protein,0.009379424,0.00062760786,0.0832917,9.973353e-07,0.0002614448,8.362528e-05,0.0035479888,0.40395033,1.0111038e-06,0.49885583
>JPBKEJJI_00243 hypothetical protein,5.7604248e-05,0.00023071142,0.012295466,1.5514163e-07,8.478657e-06,6.217964e-05,9.928975e-05,0.97062534,1.7099702e-06,0.016619105
>JPBKEJJI_00244 hypothetical protein,0.000899038,0.0019129835,0.23219173,8.311911e-06,0.0005953799,0.0025812376,0.017428888,0.19344224,3.8900362e-07,0.5509398
>JPBKEJJI_00245 hypothetical protein,0.008430418,0.005033077,0.52738124,7.9632104e-05,0.00040950108,0.00044981804,0.00067932217,0.008547513,3.3959128e-05,0.44895557
>JPBKEJJI_00246 hypothetical protein,0.026520409,0.0053324862,0.1106996,0.00077955535,0.0002808453,0.00043269375,0.0013722897,0.295781,0.047742072,0.511059
>JPBKEJJI_00247 hypothetical protein,1.17254565e-07,4.585987e-08,0.00017363207,5.6801293e-11,8.108336e-06,1.132586e-07,1.1226967e-05,0.9997322,1.2897699e-12,7.4642056e-05
>JPBKEJJI_00248 hypothetical protein,0.008606047,0.009459478,0.0456894,0.007067536,0.00017678665,0.009019439,0.027489731,0.0098862145,4.206462e-05,0.8825633
>JPBKEJJI_00249 hypothetical protein,0.005389855,0.004024111,0.003314106,0.00048951874,0.00016215295,0.00054595445,0.00014702679,0.00074173365,0.00013668719,0.98504883
>JPBKEJJI_00250 hypothetical protein,0.0008188114,0.00043227058,0.00026570685,0.00095560006,2.022978e-06,0.00022166598,0.0001127899,0.000631561,0.57808214,0.41847748
>JPBKEJJI_00251 hypothetical protein,0.07619452,2.2204122e-05,0.019471213,0.0066595036,1.9180437e-05,4.070261e-05,0.00045450174,4.3139855e-05,0.22394425,0.6731507
>JPBKEJJI_00252 hypothetical protein,0.01451944,0.00073215837,0.0037031986,0.00013883425,0.00021785921,0.010111506,0.0029744986,0.012756009,0.0005542228,0.9542923
>JPBKEJJI_00253 hypothetical protein,0.012918609,0.003415346,0.044551563,0.0008793488,0.0029992396,0.014461094,0.08514962,0.0027230708,5.396721e-05,0.83284813
>JPBKEJJI_00254 hypothetical protein,0.004651729,1.1709806e-05,3.699476e-05,1.1124474e-09,2.5616659e-08,0.0003660645,2.0716823e-05,4.0403123e-07,2.2780516e-10,0.99491227
>JPBKEJJI_00255 hypothetical protein,0.00074066326,1.9351505e-07,8.8198016e-05,0.0038979307,4.987044e-05,2.4634412e-05,0.62908816,0.0014362617,0.0014901006,0.36318403
>JPBKEJJI_00256 hypothetical protein,0.9989906,5.4286122e-08,9.452804e-09,2.5611973e-07,3.6400852e-10,0.0004313639,1.0154652e-05,1.046121e-07,9.859602e-07,0.00056649366
>JPBKEJJI_00257 hypothetical protein,0.00010930358,0.0012135945,0.0010422961,3.3899455e-06,0.00012500587,0.0002536648,0.00019647814,0.917294,2.3103019e-05,0.0797392
>JPBKEJJI_00258 hypothetical protein,0.031597886,0.00061024097,0.00041371497,0.0008018567,4.008748e-06,2.3999788e-05,1.2008372e-05,1.2905163e-05,6.20534e-05,0.96646136
>JPBKEJJI_00259 hypothetical protein,0.002462029,5.1928225e-07,4.4839527e-07,0.00018031684,1.348169e-11,1.3790093e-06,8.686667e-09,1.8816834e-08,0.9971366,0.00021876804
>JPBKEJJI_00260 hypothetical protein,0.0012971488,0.00021639165,0.00016144184,6.319405e-05,1.0090866e-05,0.0013547534,5.701527e-07,2.2152544e-05,6.8062734e-05,0.99680614
>JPBKEJJI_00261 hypothetical protein,0.0029424678,0.002124047,0.0019779752,1.2364981e-06,4.792899e-05,0.00010415218,4.5060988e-05,0.77478284,0.0003175711,0.21765673
>JPBKEJJI_00262 hypothetical protein,0.0106005985,0.0027160498,0.0017816562,0.0013824778,0.00063223287,0.00037686038,0.013189426,0.039485853,0.000710625,0.9291242
>JPBKEJJI_00263 hypothetical protein,0.0006997755,0.00012822797,0.0051195356,0.0006823567,9.776102e-06,7.076404e-05,0.00019782662,7.371487e-05,0.00044567272,0.99257237
>JPBKEJJI_00264 hypothetical protein,0.003265017,2.8033559e-05,7.10432e-05,0.0022324354,0.00026144768,0.004139205,0.00010419495,0.0007752263,0.0012921633,0.9878312
>JPBKEJJI_00265 hypothetical protein,0.99146783,3.3639294e-06,2.9741024e-05,7.946672e-05,9.049188e-07,7.3761494e-06,4.2547766e-05,3.2418214e-07,7.396076e-06,0.008360935
>JPBKEJJI_00266 hypothetical protein,0.9988782,1.3383499e-09,6.890362e-07,0.0004224878,2.4706415e-10,2.0710888e-05,0.00050807436,4.6290433e-10,2.2944555e-10,0.00016979502
>JPBKEJJI_00267 hypothetical protein,0.0048803673,5.8327296e-05,6.14398e-05,0.00021813276,5.864528e-05,0.00021381435,0.000471911,0.00061008055,0.00046256764,0.9929646
>JPBKEJJI_00268 hypothetical protein,8.707484e-05,3.8506725e-05,0.08802446,1.0548976e-06,0.00012746951,0.0012152994,0.0023246203,0.015107469,6.569071e-08,0.893074
>JPBKEJJI_00269 hypothetical protein,4.3145505e-05,0.000326698,0.06495097,3.1840148e-07,2.2473816e-05,0.00061230967,0.00039775696,0.70315564,1.1224238e-06,0.23048957
>JPBKEJJI_00270 hypothetical protein,6.1968916e-05,0.0013146799,0.024949633,4.7715093e-07,2.9259203e-05,0.0009905442,0.00062925305,0.9620707,1.7132468e-06,0.009951845
>JPBKEJJI_00271 hypothetical protein,8.9247034e-05,4.8435247e-09,0.0002845232,3.7690089e-07,0.001287711,0.9825127,0.008275152,0.00049021526,1.0838102e-09,0.007060079
>JPBKEJJI_00272 hypothetical protein,0.0006724433,0.00037280982,0.0018646813,4.0476978e-05,0.0019689961,0.00013972318,0.00045113475,0.00391897,1.4680174e-05,0.9905562
>JPBKEJJI_00273 hypothetical protein,0.023408128,0.00056624995,0.004793962,0.00429276,0.028479973,0.0003616011,0.00096434867,0.0064515285,0.0012190323,0.9294624
>JPBKEJJI_00274 hypothetical protein,6.709393e-05,0.0001970408,0.0022036326,6.1381127e-07,2.1930734e-06,0.00026723792,4.822705e-05,2.3111309e-06,0.0008613418,0.9963503
>JPBKEJJI_00275 hypothetical protein,0.0010401515,0.0003356398,1.8320776e-05,2.7008087e-05,0.00012585233,0.0010200486,3.663032e-05,0.010069098,7.172668e-05,0.9872556
>JPBKEJJI_00276 hypothetical protein,0.0030783322,0.00037354915,1.8785298e-05,0.001721394,0.00026137638,0.00045602658,9.737895e-05,0.00031409855,0.00011683524,0.99356234
>JPBKEJJI_00277 hypothetical protein,9.232277e-06,1.9979521e-07,1.2068169e-06,2.5793656e-07,5.2973895e-08,2.1703458e-05,0.0001386719,4.0893916e-05,5.565806e-05,0.9997321
>JPBKEJJI_00278 hypothetical protein,0.044449665,0.07252976,0.0052712657,0.0019665943,0.00072991994,0.00026447978,0.018685011,0.15350363,0.0006065341,0.70199305
>JPBKEJJI_00279 hypothetical protein,0.010240731,2.1151448e-07,0.00014477542,3.5259058e-05,9.295692e-05,0.0020359862,0.016064327,6.080198e-05,8.39636e-08,0.97132486
>JPBKEJJI_00280 hypothetical protein,0.00057448755,3.2659877e-06,0.0011622312,5.4138786e-06,0.2369496,0.022323001,0.0051937685,0.046384636,2.1325552e-07,0.68740344
>JPBKEJJI_00281 hypothetical protein,0.005383774,6.6892426e-06,2.8033992e-06,0.00045303183,3.269821e-05,0.00050710334,0.0001426027,4.4399854e-05,0.00030814373,0.99311876
>JPBKEJJI_00282 hypothetical protein,0.0005976771,0.00048365348,0.00053101237,0.00022427963,0.000111066925,0.00028885654,0.00037094762,0.0048946408,0.00043556758,0.99206233
>JPBKEJJI_00283 hypothetical protein,7.1462728e-06,2.23052e-06,2.537542e-05,3.2690043e-08,3.3361355e-06,0.0024803656,0.0006062763,2.0766945e-05,2.2079981e-05,0.99683243
>JPBKEJJI_00284 hypothetical protein,0.0015975196,0.0013156261,8.0753816e-05,3.437681e-05,3.7831807e-05,6.274885e-05,0.0030616717,0.00040064356,4.781203e-05,0.993361
>JPBKEJJI_00285 hypothetical protein,0.0071142255,0.00015546515,0.0029521072,0.002472217,7.2489765e-06,0.0018405213,0.0003649653,0.00036321304,0.16435097,0.8203791
>JPBKEJJI_00286 hypothetical protein,0.024375966,9.871051e-07,3.5365185e-05,0.0002607704,1.8927165e-05,0.0017381816,0.036503993,0.00014608724,0.11260196,0.8243177
>JPBKEJJI_00287 hypothetical protein,0.007930188,0.02579623,0.13872056,0.000101695645,0.00046578978,0.0003341067,0.0012997678,0.010162884,0.0010438451,0.81414497
>JPBKEJJI_00288 hypothetical protein,0.0120096365,0.0001564673,0.101476334,9.1442904e-05,0.0006714484,0.0033618237,7.0739814e-05,0.0013017925,0.0044313655,0.876429
>JPBKEJJI_00289 hypothetical protein,0.0075418707,0.0023506605,7.426403e-05,1.0260304e-05,9.153809e-05,0.006842046,0.000728778,0.0062560337,8.720072e-06,0.97609586
